H_norm,S_norm,V_norm
0.98634744,0.5814496,0.61258453
0.043048486,0.45104897,0.78280985
0.043894246,0.5275147,0.38976485
